Workbook

Sheet 2601001岗
A1: 市公安局大旺分局2026年第一次公开招聘警务辅助人员综合成绩及 进入体检、政审人员名单
A2: 招聘岗位：2601001岗
A3: 序号 | B3: 姓名 | C3: 性别 | D3: 准考证号 | E3: 笔试成绩 | F3: 面试成绩 | G3: 综合成绩（笔试50%+面试50%） | H3: 是否进入体检、 政审环节 | I3: 备注
A4: 1 | B4: 冯浩康 | C4: 男 | D4: 2601001005 | E4: 78 | F4: =VLOOKUP(B4,[1]汇总表!$B$4:$I$48,8,0) -> 88.333333 | G4: =E4/2+F4/2 -> 83.166667 | H4: 是
A5: 2 | B5: 江俊彬 | C5: 男 | D5: 2601001012 | E5: 82 | F5: =VLOOKUP(B5,[1]汇总表!$B$4:$I$48,8,0) -> 82.333333 | G5: =E5/2+F5/2 -> 82.166667 | H5: 是
A6: 3 | B6: 李成龙 | C6: 男 | D6: 2601001014 | E6: 75 | F6: =VLOOKUP(B6,[1]汇总表!$B$4:$I$48,8,0) -> 87 | G6: =E6/2+F6/2 -> 81 | H6: 是
A7: 4 | B7: 高梓健 | C7: 男 | D7: 2601001048 | E7: 77 | F7: =VLOOKUP(B7,[1]汇总表!$B$4:$I$48,8,0) -> 82.833333 | G7: =E7/2+F7/2 -> 79.916667 | H7: 是
A8: 5 | B8: 梁展荣 | C8: 男 | D8: 2601001058 | E8: 80 | F8: =VLOOKUP(B8,[1]汇总表!$B$4:$I$48,8,0) -> 79.333333 | G8: =E8/2+F8/2 -> 79.666667 | H8: 是
A9: 6 | B9: 陈浩蓝 | C9: 男 | D9: 2601001030 | E9: 73 | F9: =VLOOKUP(B9,[1]汇总表!$B$4:$I$48,8,0) -> 85.666667 | G9: =E9/2+F9/2 -> 79.333333 | H9: 是
A10: 7 | B10: 林熙 | C10: 男 | D10: 2601001038 | E10: 73.5 | F10: =VLOOKUP(B10,[1]汇总表!$B$4:$I$48,8,0) -> 85 | G10: =E10/2+F10/2 -> 79.25 | H10: 是
A11: 8 | B11: 龙威豪 | C11: 男 | D11: 2601001003 | E11: 74 | F11: =VLOOKUP(B11,[1]汇总表!$B$4:$I$48,8,0) -> 83.666667 | G11: =E11/2+F11/2 -> 78.833333 | H11: 是
A12: 9 | B12: 李承志 | C12: 男 | D12: 2601001016 | E12: 81 | F12: =VLOOKUP(B12,[1]汇总表!$B$4:$I$48,8,0) -> 74.333333 | G12: =E12/2+F12/2 -> 77.666667 | H12: 是
A13: 10 | B13: 连志卿 | C13: 男 | D13: 2601001020 | E13: 80 | F13: =VLOOKUP(B13,[1]汇总表!$B$4:$I$48,8,0) -> 75.166667 | G13: =E13/2+F13/2 -> 77.583333 | H13: 是
A14: 11 | B14: 黄英豪 | C14: 男 | D14: 2601001051 | E14: 73.5 | F14: =VLOOKUP(B14,[1]汇总表!$B$4:$I$48,8,0) -> 81.666667 | G14: =E14/2+F14/2 -> 77.583333 | H14: 是
A15: 12 | B15: 梁鸿圣 | C15: 男 | D15: 2601001059 | E15: 70 | F15: =VLOOKUP(B15,[1]汇总表!$B$4:$I$48,8,0) -> 83.666667 | G15: =E15/2+F15/2 -> 76.833333 | H15: 是
... A48: 45 | B48: 吴子健 | C48: 男 | D48: 2601001021 | E48: 66 | F48: =VLOOKUP(B48,[1]汇总表!$B$4:$I$48,8,0) -> 31.333333 | G48: =E48/2+F48/2 -> 48.666667 | H48: 否

Sheet 2601002岗
A1: 市公安局大旺分局2026年第一次公开招聘警务辅助人员综合成绩及 进入体检、政审人员名单
A2: 招聘岗位：2601002岗
A3: 序号 | B3: 姓名 | C3: 性别 | D3: 准考证号 | E3: 笔试成绩 | F3: 面试成绩 | G3: 综合成绩（笔试50%+面试50%） | H3: 是否进入体检、 政审环节 | I3: 备注
A4: 1 | B4: 景妍 | C4: 女 | D4: 2601002105 | E4: 86.5 | F4: 82.166667 | G4: =E4/2+F4/2 -> 84.333333 | H4: 是
A5: 2 | B5: 蓝玉萍 | C5: 女 | D5: 2601002109 | E5: 82.5 | F5: 84.5 | G5: =E5/2+F5/2 -> 83.5 | H5: 是
A6: 3 | B6: 高碧谣 | C6: 女 | D6: 2601002096 | E6: 87.5 | F6: 79.333333 | G6: =E6/2+F6/2 -> 83.416667 | H6: 是
A7: 4 | B7: 蔡家蔚 | C7: 女 | D7: 2601002110 | E7: 77.5 | F7: 80 | G7: =E7/2+F7/2 -> 78.75 | H7: 是
A8: 5 | B8: 刘佩珊 | C8: 女 | D8: 2601002073 | E8: 81.5 | F8: 75.166667 | G8: =E8/2+F8/2 -> 78.333333 | H8: 是
A9: 6 | B9: 温雅茜 | C9: 女 | D9: 2601002107 | E9: 88.5 | F9: 67.666667 | G9: =E9/2+F9/2 -> 78.083333 | H9: 否
A10: 7 | B10: 林慧 | C10: 女 | D10: 2601002091 | E10: 77 | F10: 78.833333 | G10: =E10/2+F10/2 -> 77.916667 | H10: 否
A11: 8 | B11: 邵嘉茹 | C11: 女 | D11: 2601002088 | E11: 79 | F11: 75.666667 | G11: =E11/2+F11/2 -> 77.333333 | H11: 否
A12: 9 | B12: 吴佳颖 | C12: 女 | D12: 2601002082 | E12: 76.5 | F12: 74.833333 | G12: =E12/2+F12/2 -> 75.666667 | H12: 否
A13: 10 | B13: 杨晨 | C13: 女 | D13: 2601002080 | E13: 79.5 | F13: 70 | G13: =E13/2+F13/2 -> 74.75 | H13: 否
A14: 11 | B14: 梁诗雯 | C14: 女 | D14: 2601002103 | E14: 85 | F14: 63.5 | G14: =E14/2+F14/2 -> 74.25 | H14: 否
A15: 12 | B15: 覃晓慧 | C15: 女 | D15: 2601002104 | E15: 75.5 | F15: 63.166667 | G15: =E15/2+F15/2 -> 69.333333 | H15: 否
... A17: 14 | B17: 程洁静 | C17: 女 | D17: 2601002106 | E17: 74 | F17: 62 | G17: =E17/2+F17/2 -> 68 | H17: 否
A18: 15 | B18: 邝茵桃 | C18: 女 | D18: 2601002070 | E18: 73.5 | F18: 缺考 | G18: =E18/2 -> 36.75 | H18: 否
A19: 16 | B19: 李雪怡 | C19: 女 | D19: 2601002078 | E19: 73.5 | F19: 缺考 | G19: =E19/2 -> 36.75 | H19: 否

Sheet 2601003岗
A1: 市公安局大旺分局2026年第一次公开招聘警务辅助人员综合成绩及 进入体检、政审人员名单
A2: 招聘岗位：2601003岗
A3: 序号 | B3: 姓名 | C3: 性别 | D3: 准考证号 | E3: 笔试成绩 | F3: 面试成绩 | G3: 综合成绩（笔试50%+面试50%） | H3: 是否进入体检、 政审环节 | I3: 备注
A4: 1 | B4: 姚石环 | C4: 男 | D4: 2601003123 | E4: 81 | F4: 77.166667 | G4: =E4/2+F4/2 -> 79.083333 | H4: 是
A5: 2 | B5: 孙宇钒 | C5: 男 | D5: 2601003116 | E5: 82 | F5: 75.5 | G5: =E5/2+F5/2 -> 78.75 | H5: 是
A6: 3 | B6: 黎敏斌 | C6: 男 | D6: 2601003127 | E6: 78.5 | F6: 79 | G6: =E6/2+F6/2 -> 78.75 | H6: 是
A7: 4 | B7: 李嘉明 | C7: 男 | D7: 2601003118 | E7: 84 | F7: 72.833333 | G7: =E7/2+F7/2 -> 78.416667 | H7: 是
A8: 5 | B8: 黄沂修 | C8: 男 | D8: 2601003124 | E8: 75.5 | F8: 75.833333 | G8: =E8/2+F8/2 -> 75.666667 | H8: 否
A9: 6 | B9: 黄俊人 | C9: 男 | D9: 2601003125 | E9: 74.5 | F9: 64.5 | G9: =E9/2+F9/2 -> 69.5 | H9: 否
A10: 7 | B10: 吴荣锋 | C10: 男 | D10: 2601003119 | E10: 74 | F10: 61.666667 | G10: =E10/2+F10/2 -> 67.833333 | H10: 否
A11: 8 | B11: 许文迪 | C11: 男 | D11: 2601003115 | E11: 71.5 | F11: 62.333333 | G11: =E11/2+F11/2 -> 66.916667 | H11: 否
A12: 9 | B12: 文泽瑜 | C12: 男 | D12: 2601003114 | E12: 67 | F12: 32.666667 | G12: =E12/2+F12/2 -> 49.833333 | H12: 否

Sheet 2601004岗
A1: 市公安局大旺分局2026年第一次公开招聘警务辅助人员综合成绩及 进入体检、政审人员名单
A2: 招聘岗位：2601004岗
A3: 序号 | B3: 姓名 | C3: 性别 | D3: 准考证号 | E3: 笔试成绩 | F3: 面试成绩 | G3: 综合成绩（笔试50%+面试50%） | H3: 是否进入体检、 政审环节 | I3: 备注
A4: 1 | B4: 何映倩 | C4: 女 | D4: 2601004135 | E4: 86 | F4: 82.5 | G4: =E4/2+F4/2 -> 84.25 | H4: 是
A5: 2 | B5: 何健敏 | C5: 女 | D5: 2601004136 | E5: 85.5 | F5: 71.5 | G5: =E5/2+F5/2 -> 78.5 | H5: 否
A6: 3 | B6: 张洁敏 | C6: 女 | D6: 2601004137 | E6: 84 | F6: 72 | G6: =E6/2+F6/2 -> 78 | H6: 否
